target,model,auc_mean,auc_std,acc_mean,acc_std
Player Survival,Model 1 (role+model),0.6357434853845223,0.008239566650876445,0.5988506153212036,0.008648254851648579
Player Survival,Model 2 (+vote cast),0.8632811717881781,0.01050432281866121,0.7944573415920665,0.009953615376181278
Player Survival,Model 3 (+speech),0.8820430109198959,0.00849361421268171,0.809885369240208,0.00994036735935375
Player Survival,Model 4 (+role action),0.8881011270855034,0.007310792478779195,0.8204324628233547,0.007526635947847114
Player's Team Win,Model 1 (role+model),0.6791908683694401,0.006046501710075607,0.697350025547369,0.0047012393923387165
Player's Team Win,Model 2 (+vote cast),0.6967760319713296,0.006545814798699749,0.6981344912274704,0.0013867376409340928
Player's Team Win,Model 3 (+speech),0.7480385098559232,0.004351447772602012,0.6963038180495487,0.00138248583005749
Player's Team Win,Model 4 (+role action),0.8005809161983068,0.006569924525783431,0.7318700484165379,0.008545681530107204
